,raw_data,counter,sent_time,received_time,time_delay
0,"counter=16, time=05:34:17.208457",16,05:34:17.208457,05:34:17.724932,0.5164750000003551
1,"counter=17, time=05:34:18.210137",17,05:34:18.210137,05:34:18.725838,0.5157010000002629
2,"counter=18, time=05:34:19.211511",18,05:34:19.211511,05:34:19.726666,0.5151549999973213
3,"counter=19, time=05:34:20.213080",19,05:34:20.213080,05:34:20.729363,0.5162829999972018
4,"counter=20, time=05:34:21.214442",20,05:34:21.214442,05:34:21.730435,0.5159930000008899
5,"counter=21, time=05:34:22.216027",21,05:34:22.216027,05:34:22.731250,0.5152230000021518
6,"counter=22, time=05:34:23.217409",22,05:34:23.217409,05:34:23.732906,0.5154970000003232
7,"counter=23, time=05:34:24.219167",23,05:34:24.219167,05:34:24.734800,0.5156329999990703
8,"counter=24, time=05:34:25.220556",24,05:34:25.220556,05:34:25.735879,0.5153229999996256
9,"counter=25, time=05:34:26.222132",25,05:34:26.222132,05:34:26.737169,0.5150370000010298
10,"counter=26, time=05:34:27.223815",26,05:34:27.223815,05:34:27.739334,0.515519000000495
11,"counter=27, time=05:34:28.225202",27,05:34:28.225202,05:34:28.740281,0.5150789999970584
12,"counter=28, time=05:34:29.226790",28,05:34:29.226790,05:34:29.742442,0.5156519999982265
13,"counter=29, time=05:34:30.228186",29,05:34:30.228186,05:34:30.743274,0.5150880000001052
14,"counter=30, time=05:34:31.229847",30,05:34:31.229847,05:34:31.743991,0.5141440000006696
15,"counter=31, time=05:34:32.231273",31,05:34:32.231273,05:34:32.746888,0.5156150000002526
16,"counter=32, time=05:34:33.232890",32,05:34:33.232890,05:34:33.747854,0.5149640000017826
17,"counter=33, time=05:34:34.234250",33,05:34:34.234250,05:34:34.748776,0.514525999999023
18,"counter=34, time=05:34:35.235842",34,05:34:35.235842,05:34:35.750606,0.514764000003197
19,"counter=35, time=05:34:36.237257",35,05:34:36.237257,05:34:36.752398,0.5151409999998577
20,"counter=36, time=05:34:37.238864",36,05:34:37.238864,05:34:37.754376,0.5155120000017632
21,"counter=37, time=05:34:38.240292",37,05:34:38.240292,05:34:38.754441,0.5141490000023623
22,"counter=38, time=05:34:39.241947",38,05:34:39.241947,05:34:39.756473,0.514526000002661
23,"counter=39, time=05:34:40.243331",39,05:34:40.243331,05:34:40.758313,0.5149819999969623
24,"counter=40, time=05:34:41.244941",40,05:34:41.244941,05:34:41.759188,0.514246999999159
25,"counter=41, time=05:34:42.246373",41,05:34:42.246373,05:34:42.760156,0.5137829999985115
26,"counter=42, time=05:34:43.247990",42,05:34:43.247990,05:34:43.762156,0.5141660000008414
27,"counter=43, time=05:34:44.249861",43,05:34:44.249861,05:34:44.764797,0.5149359999995795
28,"counter=44, time=05:34:45.251267",44,05:34:45.251267,05:34:45.765663,0.5143959999986691
29,"counter=45, time=05:34:46.252858",45,05:34:46.252858,05:34:46.767660,0.5148020000015094
30,"counter=46, time=05:34:47.254241",46,05:34:47.254241,05:34:47.768596,0.5143550000029791
31,"counter=47, time=05:34:48.255730",47,05:34:48.255730,05:34:48.769617,0.5138870000009774
32,"counter=48, time=05:34:49.257143",48,05:34:49.257143,05:34:49.770790,0.5136469999997644
33,"counter=49, time=05:34:50.258525",49,05:34:50.258525,05:34:50.771924,0.513398999999481
34,"counter=50, time=05:34:51.260205",50,05:34:51.260205,05:34:51.773308,0.5131030000011378
35,"counter=51, time=05:34:52.261591",51,05:34:52.261591,05:34:52.774682,0.5130910000007134
36,"counter=52, time=05:34:53.263024",52,05:34:53.263024,05:34:53.775766,0.5127419999989797
37,"counter=53, time=05:34:54.264411",53,05:34:54.264411,05:34:54.776826,0.5124150000010559
38,"counter=54, time=05:34:55.266099",54,05:34:55.266099,05:34:55.778921,0.5128220000005967
39,"counter=55, time=05:34:56.267759",55,05:34:56.267759,05:34:56.779858,0.512099000003218
40,"counter=56, time=05:34:57.269419",56,05:34:57.269419,05:34:57.781737,0.5123180000009597
41,"counter=57, time=05:34:58.270832",57,05:34:58.270832,05:34:58.782819,0.5119870000016817
42,"counter=58, time=05:34:59.272220",58,05:34:59.272220,05:34:59.784246,0.5120260000003327
43,"counter=59, time=05:35:00.273594",59,05:35:00.273594,05:35:00.784400,0.5108060000020487
44,"counter=60, time=05:35:01.275000",60,05:35:01.275000,05:35:01.786680,0.5116799999996147
45,"counter=61, time=05:35:02.276423",61,05:35:02.276423,05:35:02.787483,0.5110600000007253
46,"counter=62, time=05:35:03.278108",62,05:35:03.278108,05:35:03.788301,0.510193000001891
47,"counter=63, time=05:35:04.279613",63,05:35:04.279613,05:35:04.790214,0.5106010000017704
48,"counter=64, time=05:35:05.280984",64,05:35:05.280984,05:35:05.790927,0.5099429999972926
49,"counter=65, time=05:35:06.282330",65,05:35:06.282330,05:35:06.791818,0.5094880000033299
50,"counter=66, time=05:35:07.283721",66,05:35:07.283721,05:35:07.793840,0.5101189999986673
51,"counter=67, time=05:35:08.285361",67,05:35:08.285361,05:35:08.795735,0.5103740000013204
52,"counter=68, time=05:35:09.286828",68,05:35:09.286828,05:35:09.795944,0.5091160000010859
53,"counter=69, time=05:35:10.288198",69,05:35:10.288198,05:35:10.797807,0.509609000000637
54,"counter=70, time=05:35:11.289767",70,05:35:11.289767,05:35:11.798527,0.5087600000006205
55,"counter=71, time=05:35:12.291225",71,05:35:12.291225,05:35:12.800034,0.5088089999990189
56,"counter=72, time=05:35:13.292718",72,05:35:13.292718,05:35:13.801646,0.5089279999992868
57,"counter=73, time=05:35:14.294091",73,05:35:14.294091,05:35:14.801599,0.5075079999987793
58,"counter=74, time=05:35:15.295447",74,05:35:15.295447,05:35:15.803707,0.5082599999986996
59,"counter=75, time=05:35:16.296864",75,05:35:16.296864,05:35:16.805337,0.5084730000016862
60,"counter=76, time=05:35:17.298267",76,05:35:17.298267,05:35:17.807564,0.5092970000005153
61,"counter=77, time=05:35:18.299683",77,05:35:18.299683,05:35:18.807342,0.5076589999989665
62,"counter=78, time=05:35:19.301087",78,05:35:19.301087,05:35:19.809964,0.5088770000002114
63,"counter=79, time=05:35:20.302482",79,05:35:20.302482,05:35:20.810664,0.5081820000013977
64,"counter=80, time=05:35:21.303880",80,05:35:21.303880,05:35:21.812053,0.5081730000019888
65,"counter=81, time=05:35:22.305287",81,05:35:22.305287,05:35:22.812441,0.5071539999989909
66,"counter=82, time=05:35:23.306744",82,05:35:23.306744,05:35:23.814524,0.5077799999999115
67,"counter=83, time=05:35:24.308237",83,05:35:24.308237,05:35:24.815298,0.5070610000002489
68,"counter=84, time=05:35:25.309653",84,05:35:25.309653,05:35:25.817046,0.5073929999998654
69,"counter=85, time=05:35:26.311059",85,05:35:26.311059,05:35:26.817889,0.5068300000020827
70,"counter=86, time=05:35:27.312459",86,05:35:27.312459,05:35:27.818943,0.5064839999977266
71,"counter=87, time=05:35:28.313844",87,05:35:28.313844,05:35:28.819846,0.5060019999982615
72,"counter=88, time=05:35:29.315227",88,05:35:29.315227,05:35:29.821144,0.5059170000022277
73,"counter=89, time=05:35:30.316632",89,05:35:30.316632,05:35:30.822699,0.5060670000020764
74,"counter=90, time=05:35:31.318025",90,05:35:31.318025,05:35:31.824458,0.5064329999986512
75,"counter=91, time=05:35:32.318741",91,05:35:32.318741,05:35:32.825089,0.5063480000026175
76,"counter=92, time=05:35:33.320125",92,05:35:33.320125,05:35:33.825710,0.5055850000026112
77,"counter=93, time=05:35:34.321512",93,05:35:34.321512,05:35:34.827335,0.5058230000031472
78,"counter=94, time=05:35:35.322889",94,05:35:35.322889,05:35:35.828083,0.505194000001211
79,"counter=95, time=05:35:36.324274",95,05:35:36.324274,05:35:36.829899,0.5056250000016007
80,"counter=96, time=05:35:37.325667",96,05:35:37.325667,05:35:37.830431,0.5047639999975218
81,"counter=97, time=05:35:38.327078",97,05:35:38.327078,05:35:38.831994,0.5049160000016855
82,"counter=98, time=05:35:39.328484",98,05:35:39.328484,05:35:39.832788,0.5043039999982284
83,"counter=99, time=05:35:40.329958",99,05:35:40.329958,05:35:40.834492,0.504534000003332
84,"counter=100, time=05:35:41.331356",100,05:35:41.331356,05:35:41.858599,0.5272430000004533
85,"counter=101, time=05:35:42.332685",101,05:35:42.332685,05:35:42.860744,0.5280590000002121
86,"counter=102, time=05:35:43.334119",102,05:35:43.334119,05:35:43.861595,0.5274759999992966
87,"counter=103, time=05:35:44.335602",103,05:35:44.335602,05:35:44.862538,0.5269360000020242
88,"counter=104, time=05:35:45.336951",104,05:35:45.336951,05:35:45.864235,0.5272839999997814
89,"counter=105, time=05:35:46.338366",105,05:35:46.338366,05:35:46.864794,0.5264280000010331
90,"counter=106, time=05:35:47.339759",106,05:35:47.339759,05:35:47.866340,0.5265810000018973
91,"counter=107, time=05:35:48.341201",107,05:35:48.341201,05:35:48.867901,0.5267000000021653
92,"counter=108, time=05:35:49.342547",108,05:35:49.342547,05:35:49.868631,0.5260840000009921
93,"counter=109, time=05:35:50.343939",109,05:35:50.343939,05:35:50.870326,0.526387000001705
94,"counter=110, time=05:35:51.345329",110,05:35:51.345329,05:35:51.870822,0.5254930000010063
95,"counter=111, time=05:35:52.346710",111,05:35:52.346710,05:35:52.872347,0.5256369999988237
96,"counter=112, time=05:35:53.348147",112,05:35:53.348147,05:35:53.874371,0.5262240000010934
97,"counter=113, time=05:35:54.349516",113,05:35:54.349516,05:35:54.874867,0.5253510000002279
98,"counter=114, time=05:35:55.350998",114,05:35:55.350998,05:35:55.876190,0.5251919999973325
99,"counter=115, time=05:35:56.352443",115,05:35:56.352443,05:35:56.877556,0.525112999999692
100,"counter=116, time=05:35:57.353849",116,05:35:57.353849,05:35:57.878907,0.5250579999992624
101,"counter=117, time=05:35:58.355262",117,05:35:58.355262,05:35:58.879548,0.5242859999998473
102,"counter=118, time=05:35:59.356610",118,05:35:59.356610,05:35:59.881090,0.5244800000000396
103,"counter=119, time=05:36:00.358037",119,05:36:00.358037,05:36:00.882619,0.5245819999981904
104,"counter=120, time=05:36:01.359421",120,05:36:01.359421,05:36:01.883053,0.5236320000003616
105,"counter=121, time=05:36:02.360821",121,05:36:02.360821,05:36:02.884622,0.5238010000030044
106,"counter=122, time=05:36:03.362177",122,05:36:03.362177,05:36:03.886619,0.5244420000017271
107,"counter=123, time=05:36:04.363666",123,05:36:04.363666,05:36:04.886961,0.5232949999990524
108,"counter=124, time=05:36:05.365082",124,05:36:05.365082,05:36:05.888327,0.5232450000003155
109,"counter=125, time=05:36:06.366432",125,05:36:06.366432,05:36:06.889716,0.5232840000026044
110,"counter=126, time=05:36:07.367810",126,05:36:07.367810,05:36:07.891132,0.5233220000009169
111,"counter=127, time=05:36:08.369258",127,05:36:08.369258,05:36:08.892405,0.5231469999998808
112,"counter=128, time=05:36:09.370667",128,05:36:09.370667,05:36:09.892821,0.5221540000020468
113,"counter=129, time=05:36:10.372082",129,05:36:10.372082,05:36:10.894563,0.5224809999999707
114,"counter=130, time=05:36:11.373483",130,05:36:11.373483,05:36:11.895306,0.5218229999991308
115,"counter=131, time=05:36:12.374885",131,05:36:12.374885,05:36:12.897744,0.5228590000006079
116,"counter=132, time=05:36:13.376229",132,05:36:13.376229,05:36:13.898246,0.5220169999993232
117,"counter=133, time=05:36:14.377582",133,05:36:14.377582,05:36:14.898950,0.5213679999978922
118,"counter=134, time=05:36:15.378998",134,05:36:15.378998,05:36:15.899766,0.5207679999984975
119,"counter=135, time=05:36:16.380423",135,05:36:16.380423,05:36:16.900646,0.5202229999995325
120,"counter=136, time=05:36:17.381112",136,05:36:17.381112,05:36:17.901284,0.520172000000457
121,"counter=137, time=05:36:18.382476",137,05:36:18.382476,05:36:18.903052,0.5205760000026203
122,"counter=138, time=05:36:19.383905",138,05:36:19.383905,05:36:19.903399,0.5194940000001225
123,"counter=139, time=05:36:20.385309",139,05:36:20.385309,05:36:20.905189,0.51987999999983
124,"counter=140, time=05:36:21.386713",140,05:36:21.386713,05:36:21.906980,0.5202669999998761
125,"counter=141, time=05:36:22.388117",141,05:36:22.388117,05:36:22.907517,0.5194000000010419
126,"counter=142, time=05:36:23.389514",142,05:36:23.389514,05:36:23.908863,0.5193490000019665
127,"counter=143, time=05:36:24.391014",143,05:36:24.391014,05:36:24.911423,0.5204090000006545
128,"counter=144, time=05:36:25.392375",144,05:36:25.392375,05:36:25.912054,0.5196790000009059
129,"counter=145, time=05:36:26.393767",145,05:36:26.393767,05:36:26.913588,0.5198209999980463
130,"counter=146, time=05:36:27.395131",146,05:36:27.395131,05:36:27.914088,0.5189570000002277
131,"counter=147, time=05:36:28.396529",147,05:36:28.396529,05:36:28.915405,0.5188759999982722
132,"counter=148, time=05:36:29.397910",148,05:36:29.397910,05:36:29.915995,0.5180849999997008
133,"counter=149, time=05:36:30.399288",149,05:36:30.399288,05:36:30.917258,0.517970000000787
134,"counter=150, time=05:36:31.400652",150,05:36:31.400652,05:36:31.918800,0.5181479999992007
135,"counter=151, time=05:36:32.402019",151,05:36:32.402019,05:36:32.920285,0.5182659999991301
136,"counter=152, time=05:36:33.403397",152,05:36:33.403397,05:36:33.922245,0.5188480000033451
137,"counter=153, time=05:36:34.404792",153,05:36:34.404792,05:36:34.922903,0.5181109999975888
138,"counter=154, time=05:36:35.406144",154,05:36:35.406144,05:36:35.923345,0.5172009999987495
139,"counter=155, time=05:36:36.407477",155,05:36:36.407477,05:36:36.925016,0.5175390000003972
140,"counter=156, time=05:36:37.409789",156,05:36:37.409789,05:36:37.926882,0.5170929999985674
141,"counter=157, time=05:36:38.411345",157,05:36:38.411345,05:36:38.928825,0.5174799999986135
142,"counter=158, time=05:36:39.412906",158,05:36:39.412906,05:36:39.930391,0.5174850000003062
143,"counter=159, time=05:36:40.414298",159,05:36:40.414298,05:36:40.931174,0.5168760000015027
144,"counter=160, time=05:36:41.415851",160,05:36:41.415851,05:36:41.933004,0.5171529999970517
145,"counter=161, time=05:36:42.417298",161,05:36:42.417298,05:36:42.933793,0.5164949999998498
146,"counter=162, time=05:36:43.418631",162,05:36:43.418631,05:36:43.935740,0.517109000000346
147,"counter=163, time=05:36:44.420217",163,05:36:44.420217,05:36:44.936520,0.5163030000003346
148,"counter=164, time=05:36:45.421746",164,05:36:45.421746,05:36:45.937346,0.5155999999988126
149,"counter=165, time=05:36:46.423183",165,05:36:46.423183,05:36:46.939534,0.5163510000020324
150,"counter=166, time=05:36:47.424465",166,05:36:47.424465,05:36:47.940323,0.5158579999988433
151,"counter=167, time=05:36:48.425823",167,05:36:48.425823,05:36:48.941017,0.5151939999996102
152,"counter=168, time=05:36:49.427176",168,05:36:49.427176,05:36:49.942685,0.5155090000007476
153,"counter=169, time=05:36:50.428721",169,05:36:50.428721,05:36:50.944392,0.5156710000010207
154,"counter=170, time=05:36:51.430112",170,05:36:51.430112,05:36:51.945063,0.5149510000010196
155,"counter=171, time=05:36:52.431466",171,05:36:52.431466,05:36:52.946896,0.5154299999994691
156,"counter=172, time=05:36:53.432833",172,05:36:53.432833,05:36:53.947580,0.5147470000010799
157,"counter=173, time=05:36:54.434176",173,05:36:54.434176,05:36:54.949147,0.5149710000005143
158,"counter=174, time=05:36:55.435515",174,05:36:55.435515,05:36:55.950539,0.5150240000002668
159,"counter=175, time=05:36:56.436851",175,05:36:56.436851,05:36:56.951003,0.5141519999997399
160,"counter=176, time=05:36:57.438118",176,05:36:57.438118,05:36:57.952906,0.5147880000004079
161,"counter=177, time=05:36:58.439470",177,05:36:58.439470,05:36:58.952663,0.5131929999988643
162,"counter=178, time=05:36:59.440804",178,05:36:59.440804,05:36:59.954308,0.5135039999986475
163,"counter=179, time=05:37:00.442142",179,05:37:00.442142,05:37:00.956065,0.5139229999986128
164,"counter=180, time=05:37:01.443478",180,05:37:01.443478,05:37:01.957180,0.513702000000194
165,"counter=181, time=05:37:02.444746",181,05:37:02.444746,05:37:02.957663,0.5129170000000158
166,"counter=182, time=05:37:03.446093",182,05:37:03.446093,05:37:03.959344,0.5132510000003094
167,"counter=183, time=05:37:04.447436",183,05:37:04.447436,05:37:04.959955,0.5125189999998838
168,"counter=184, time=05:37:05.448777",184,05:37:05.448777,05:37:05.962595,0.5138179999994463
169,"counter=185, time=05:37:06.450126",185,05:37:06.450126,05:37:06.963388,0.5132620000003953
170,"counter=186, time=05:37:07.451402",186,05:37:07.451402,05:37:07.963827,0.5124250000008033
171,"counter=187, time=05:37:08.452820",187,05:37:08.452820,05:37:08.965455,0.5126350000027742
172,"counter=188, time=05:37:09.454209",188,05:37:09.454209,05:37:09.966889,0.5126799999998184
173,"counter=189, time=05:37:10.455561",189,05:37:10.455561,05:37:10.967466,0.5119049999993877
174,"counter=190, time=05:37:11.456895",190,05:37:11.456895,05:37:11.969157,0.5122620000001916
175,"counter=191, time=05:37:12.458234",191,05:37:12.458234,05:37:12.970030,0.511795999998867
176,"counter=192, time=05:37:13.459631",192,05:37:13.459631,05:37:13.970741,0.5111099999994622
177,"counter=193, time=05:37:14.461184",193,05:37:14.461184,05:37:14.972417,0.5112330000010843
178,"counter=194, time=05:37:15.462597",194,05:37:15.462597,05:37:15.975014,0.512416999998095
179,"counter=195, time=05:37:16.463980",195,05:37:16.463980,05:37:16.974702,0.5107219999990775
180,"counter=196, time=05:37:17.465309",196,05:37:17.465309,05:37:17.976516,0.5112069999995583
181,"counter=197, time=05:37:18.466711",197,05:37:18.466711,05:37:18.978325,0.5116139999990992
182,"counter=198, time=05:37:19.468091",198,05:37:19.468091,05:37:19.979187,0.5110960000019986
183,"counter=199, time=05:37:20.469527",199,05:37:20.469527,05:37:20.980207,0.5106799999994109
184,"counter=200, time=05:37:21.470938",200,05:37:21.470938,05:37:21.981346,0.5104080000019167
185,"counter=201, time=05:37:22.472324",201,05:37:22.472324,05:37:22.982460,0.5101360000007844
186,"counter=202, time=05:37:23.473719",202,05:37:23.473719,05:37:23.983553,0.509833999996772
187,"counter=203, time=05:37:24.475226",203,05:37:24.475226,05:37:24.985795,0.5105690000018512
188,"counter=204, time=05:37:25.476624",204,05:37:25.476624,05:37:25.986394,0.5097700000005716
189,"counter=205, time=05:37:26.478003",205,05:37:26.478003,05:37:26.988124,0.5101209999993443
190,"counter=206, time=05:37:27.479339",206,05:37:27.479339,05:37:27.988963,0.5096239999984391
191,"counter=207, time=05:37:28.480730",207,05:37:28.480730,05:37:28.990763,0.510033000002295
192,"counter=208, time=05:37:29.482108",208,05:37:29.482108,05:37:29.991637,0.50952899999902
193,"counter=209, time=05:37:30.483483",209,05:37:30.483483,05:37:30.992321,0.5088380000015604
194,"counter=210, time=05:37:31.484859",210,05:37:31.484859,05:37:31.994137,0.509278000001359
195,"counter=211, time=05:37:32.486231",211,05:37:32.486231,05:37:32.995202,0.508970999999292
196,"counter=212, time=05:37:33.487611",212,05:37:33.487611,05:37:33.996161,0.5085499999986496
197,"counter=213, time=05:37:34.488990",213,05:37:34.488990,05:37:35.017446,0.5284560000000056
198,"counter=214, time=05:37:35.490363",214,05:37:35.490363,05:37:35.998691,0.5083279999998922
199,"counter=215, time=05:37:36.491741",215,05:37:36.491741,05:37:36.999999,0.5082579999980226
200,"counter=216, time=05:37:37.493076",216,05:37:37.493076,05:37:38.001016,0.5079399999995076
201,"counter=217, time=05:37:38.494467",217,05:37:38.494467,05:37:39.002165,0.5076980000012554
202,"counter=218, time=05:37:39.495846",218,05:37:39.495846,05:37:40.004373,0.5085269999981392
203,"counter=219, time=05:37:40.497222",219,05:37:40.497222,05:37:41.005346,0.5081239999999525
204,"counter=220, time=05:37:41.498607",220,05:37:41.498607,05:37:42.006203,0.5075959999994666
205,"counter=221, time=05:37:42.500032",221,05:37:42.500032,05:37:43.007959,0.5079269999987446
206,"counter=222, time=05:37:43.501409",222,05:37:43.501409,05:37:44.008742,0.5073330000013812
207,"counter=223, time=05:37:44.502787",223,05:37:44.502787,05:37:45.010566,0.507778999999573
208,"counter=225, time=05:37:46.505539",225,05:37:46.505539,05:37:47.012177,0.5066379999989294
209,"counter=226, time=05:37:47.506873",226,05:37:47.506873,05:37:48.013117,0.5062440000001516
210,"counter=227, time=05:37:48.508270",227,05:37:48.508270,05:37:49.015021,0.5067510000008042
211,"counter=228, time=05:37:49.509648",228,05:37:49.509648,05:37:50.015923,0.5062749999997322
212,"counter=229, time=05:37:50.511056",229,05:37:50.511056,05:37:51.018054,0.506998000000749
213,"counter=230, time=05:37:51.512464",230,05:37:51.512464,05:37:52.019097,0.5066330000008747
214,"counter=232, time=05:37:53.515347",232,05:37:53.515347,05:37:54.024199,0.508851999999024
215,"counter=233, time=05:37:54.516750",233,05:37:54.516750,05:37:55.023095,0.5063450000016019
216,"counter=234, time=05:37:55.518141",234,05:37:55.518141,05:37:56.023125,0.50498399999924
217,"counter=235, time=05:37:56.519539",235,05:37:56.519539,05:37:57.025270,0.5057309999974677
218,"counter=236, time=05:37:57.520870",236,05:37:57.520870,05:37:58.026225,0.5053550000011455
219,"counter=237, time=05:37:58.522257",237,05:37:58.522257,05:37:59.028359,0.5061019999993732
220,"counter=238, time=05:37:59.523636",238,05:37:59.523636,05:38:00.028598,0.5049619999990682
221,"counter=240, time=05:38:01.526391",240,05:38:01.526391,05:38:02.031386,0.504994999999326
222,"counter=241, time=05:38:02.527713",241,05:38:02.527713,05:38:03.032575,0.5048620000015944
223,"counter=242, time=05:38:03.529258",242,05:38:03.529258,05:38:04.033529,0.5042710000016086
224,"counter=243, time=05:38:04.530672",243,05:38:04.530672,05:38:05.035475,0.5048029999998107
225,"counter=244, time=05:38:05.532056",244,05:38:05.532056,05:38:06.036412,0.5043560000012803
226,"counter=245, time=05:38:06.533438",245,05:38:06.533438,05:38:07.037782,0.5043440000008559
227,"counter=246, time=05:38:07.534773",246,05:38:07.534773,05:38:08.039058,0.5042849999990722
228,"counter=248, time=05:38:09.537536",248,05:38:09.537536,05:38:10.042016,0.504479999999603
229,"counter=249, time=05:38:10.538932",249,05:38:10.538932,05:38:11.047277,0.5083450000020093
230,"counter=252, time=05:38:13.543078",252,05:38:13.543078,05:38:14.046789,0.5037110000012035
231,"counter=259, time=05:38:20.552743",259,05:38:20.552743,05:38:21.054869,0.5021259999994072
232,"counter=260, time=05:38:21.554155",260,05:38:21.554155,05:38:22.056626,0.5024709999997867
233,"counter=261, time=05:38:22.555545",261,05:38:22.555545,05:38:23.057136,0.5015910000001895
234,"counter=262, time=05:38:23.556930",262,05:38:23.556930,05:38:24.058606,0.5016759999998612
235,"counter=263, time=05:38:24.558314",263,05:38:24.558314,05:38:25.060086,0.5017719999996189
236,"counter=264, time=05:38:25.559694",264,05:38:25.559694,05:38:26.061227,0.5015329999987443
237,"counter=265, time=05:38:26.561076",265,05:38:26.561076,05:38:27.063264,0.5021879999985686
238,"counter=274, time=05:38:35.573606",274,05:38:35.573606,05:38:36.074555,0.5009489999974903
239,"counter=276, time=05:38:37.576324",276,05:38:37.576324,05:38:38.077510,0.5011859999976878
240,"counter=277, time=05:38:38.577685",277,05:38:38.577685,05:38:39.078160,0.5004750000007334
241,"counter=278, time=05:38:39.579076",278,05:38:39.579076,05:38:40.078903,0.499826999999641
242,"counter=279, time=05:38:40.580459",279,05:38:40.580459,05:38:41.080715,0.5002559999993537
243,"counter=280, time=05:38:41.581847",280,05:38:41.581847,05:38:42.081761,0.49991399999998976
244,"counter=281, time=05:38:42.583179",281,05:38:42.583179,05:38:43.082674,0.49949500000002445
245,"counter=282, time=05:38:43.584684",282,05:38:43.584684,05:38:44.084694,0.5000099999997474
246,"counter=283, time=05:38:44.586090",283,05:38:44.586090,05:38:45.084788,0.4986979999994219
247,"counter=284, time=05:38:45.587473",284,05:38:45.587473,05:38:46.086736,0.4992630000015197
248,"counter=285, time=05:38:46.588857",285,05:38:46.588857,05:38:47.086705,0.4978480000027048
249,"counter=288, time=05:38:49.592934",288,05:38:49.592934,05:38:50.091150,0.4982159999999567
250,"counter=290, time=05:38:51.595758",290,05:38:51.595758,05:38:52.094515,0.4987570000012056
251,"counter=294, time=05:38:55.601380",294,05:38:55.601380,05:38:56.099199,0.4978190000001632
252,"counter=306, time=05:39:07.617894",306,05:39:07.617894,05:39:08.114525,0.4966310000017984
253,"counter=307, time=05:39:08.619283",307,05:39:08.619283,05:39:09.115417,0.49613400000089314
254,"counter=309, time=05:39:10.622055",309,05:39:10.622055,05:39:11.118529,0.49647399999958
255,"counter=312, time=05:39:13.626321",312,05:39:13.626321,05:39:14.122140,0.49581899999975576
256,"counter=313, time=05:39:14.627725",313,05:39:14.627725,05:39:15.123323,0.4955980000013369
257,"counter=314, time=05:39:15.629106",314,05:39:15.629106,05:39:16.124452,0.4953459999996994
258,"counter=315, time=05:39:16.630434",315,05:39:16.630434,05:39:17.126505,0.49607100000139326
259,"counter=316, time=05:39:17.631777",316,05:39:17.631777,05:39:18.127428,0.4956510000010894
260,"counter=317, time=05:39:18.633173",317,05:39:18.633173,05:39:19.128961,0.4957880000001751
261,"counter=318, time=05:39:19.634556",318,05:39:19.634556,05:39:20.130323,0.4957670000003418
262,"counter=319, time=05:39:20.635935",319,05:39:20.635935,05:39:21.130704,0.49476900000081514
263,"counter=320, time=05:39:21.637305",320,05:39:21.637305,05:39:22.133227,0.49592199999824516
264,"counter=321, time=05:39:22.638647",321,05:39:22.638647,05:39:23.134804,0.4961570000014035
265,"counter=322, time=05:39:23.640234",322,05:39:23.640234,05:39:24.135295,0.49506100000144215
266,"counter=323, time=05:39:24.641646",323,05:39:24.641646,05:39:25.136711,0.4950649999991583
267,"counter=324, time=05:39:25.643032",324,05:39:25.643032,05:39:26.137849,0.49481699999887496
268,"counter=325, time=05:39:26.644415",325,05:39:26.644415,05:39:27.138712,0.49429700000109733
269,"counter=326, time=05:39:27.645753",326,05:39:27.645753,05:39:28.140409,0.4946559999989404
270,"counter=327, time=05:39:28.647146",327,05:39:28.647146,05:39:29.141188,0.4940420000020822
271,"counter=328, time=05:39:29.648525",328,05:39:29.648525,05:39:30.143977,0.4954519999992044
272,"counter=329, time=05:39:30.649982",329,05:39:30.649982,05:39:31.144618,0.49463599999944563
273,"counter=341, time=05:39:42.666515",341,05:39:42.666515,05:39:43.160176,0.49366100000042934
274,"counter=342, time=05:39:43.667887",342,05:39:43.667887,05:39:44.161507,0.4936200000011013
275,"counter=343, time=05:39:44.669209",343,05:39:44.669209,05:39:45.164235,0.49502600000050734
276,"counter=348, time=05:39:49.676101",348,05:39:49.676101,05:39:50.168516,0.49241500000061933
277,"counter=350, time=05:39:51.678928",350,05:39:51.678928,05:39:52.170761,0.4918330000000424
278,"counter=351, time=05:39:52.680333",351,05:39:52.680333,05:39:53.172351,0.49201800000082585
279,"counter=352, time=05:39:53.681822",352,05:39:53.681822,05:39:54.173852,0.4920300000012503
280,"counter=353, time=05:39:54.683230",353,05:39:54.683230,05:39:55.175191,0.4919609999997192
281,"counter=354, time=05:39:55.684626",354,05:39:55.684626,05:39:56.175563,0.49093700000230456
282,"counter=356, time=05:39:57.687350",356,05:39:57.687350,05:39:58.179099,0.4917490000007092
283,"counter=357, time=05:39:58.688756",357,05:39:58.688756,05:39:59.180057,0.4913010000018403
284,"counter=361, time=05:40:02.694269",361,05:40:02.694269,05:40:03.185343,0.49107400000139023
285,"counter=362, time=05:40:03.695780",362,05:40:03.695780,05:40:04.186390,0.49061000000074273
286,"counter=364, time=05:40:05.698576",364,05:40:05.698576,05:40:06.190068,0.491492000001017
287,"counter=365, time=05:40:06.700042",365,05:40:06.700042,05:40:07.190559,0.49051699999836273
288,"counter=366, time=05:40:07.701384",366,05:40:07.701384,05:40:08.191116,0.4897320000018226
289,"counter=368, time=05:40:09.704182",368,05:40:09.704182,05:40:10.194124,0.48994200000015553
290,"counter=369, time=05:40:10.705561",369,05:40:10.705561,05:40:11.195230,0.4896690000023227
291,"counter=370, time=05:40:11.706932",370,05:40:11.706932,05:40:12.196443,0.4895109999997658
292,"counter=371, time=05:40:12.708254",371,05:40:12.708254,05:40:13.197832,0.4895780000006198
293,"counter=372, time=05:40:13.709642",372,05:40:13.709642,05:40:14.198974,0.48933199999737553
294,"counter=373, time=05:40:14.711027",373,05:40:14.711027,05:40:15.200149,0.4891219999990426
295,"counter=374, time=05:40:15.712421",374,05:40:15.712421,05:40:16.202527,0.4901060000011057
296,"counter=381, time=05:40:22.722140",381,05:40:22.722140,05:40:23.214997,0.492856999997457
297,"counter=396, time=05:40:37.742915",396,05:40:37.742915,05:40:38.230020,0.487105000000156
298,"counter=399, time=05:40:40.746977",399,05:40:40.746977,05:40:41.233383,0.4864059999999881
299,"counter=401, time=05:40:42.749712",401,05:40:42.749712,05:40:43.235799,0.4860869999974966
300,"counter=402, time=05:40:43.751219",402,05:40:43.751219,05:40:44.238204,0.4869849999995495
301,"counter=403, time=05:40:44.752634",403,05:40:44.752634,05:40:45.239608,0.48697399999946356
302,"counter=404, time=05:40:45.754020",404,05:40:45.754020,05:40:46.239961,0.4859409999990021
303,"counter=405, time=05:40:46.755402",405,05:40:46.755402,05:40:47.241928,0.48652600000059465
304,"counter=406, time=05:40:47.756744",406,05:40:47.756744,05:40:48.242914,0.4861700000001292
305,"counter=414, time=05:40:55.767876",414,05:40:55.767876,05:40:56.253955,0.4860789999984263
306,"counter=415, time=05:40:56.769259",415,05:40:56.769259,05:40:57.259105,0.4898460000003979
307,"counter=416, time=05:40:57.770598",416,05:40:57.770598,05:40:58.256082,0.48548400000072434
308,"counter=417, time=05:40:58.771991",417,05:40:58.771991,05:40:59.257060,0.4850689999984752
309,"counter=427, time=05:41:08.785723",427,05:41:08.785723,05:41:09.269940,0.48421699999744305
310,"counter=430, time=05:41:11.789974",430,05:41:11.789974,05:41:12.273694,0.4837200000001758
311,"counter=431, time=05:41:12.791365",431,05:41:12.791365,05:41:13.274896,0.48353099999803817
312,"counter=432, time=05:41:13.792850",432,05:41:13.792850,05:41:14.277160,0.48430999999982305
313,"counter=434, time=05:41:15.795635",434,05:41:15.795635,05:41:16.279009,0.4833740000030957
314,"counter=435, time=05:41:16.797011",435,05:41:16.797011,05:41:17.280183,0.4831720000001951
315,"counter=436, time=05:41:17.798362",436,05:41:17.798362,05:41:18.282180,0.4838179999969725
316,"counter=439, time=05:41:20.802533",439,05:41:20.802533,05:41:21.285780,0.48324700000011944
317,"counter=440, time=05:41:21.803907",440,05:41:21.803907,05:41:22.286666,0.48275899999862304
318,"counter=441, time=05:41:22.805255",441,05:41:22.805255,05:41:23.288205,0.48295000000143773
319,"counter=445, time=05:41:26.810946",445,05:41:26.810946,05:41:27.293877,0.48293099999864353
320,"counter=446, time=05:41:27.812283",446,05:41:27.812283,05:41:28.336668,0.5243850000006205
321,"counter=447, time=05:41:28.813670",447,05:41:28.813670,05:41:29.303552,0.48988200000167126
322,"counter=448, time=05:41:29.815047",448,05:41:29.815047,05:41:30.297396,0.48234900000170455
323,"counter=449, time=05:41:30.816438",449,05:41:30.816438,05:41:31.298239,0.4818009999980859
324,"counter=451, time=05:41:32.819193",451,05:41:32.819193,05:41:33.301233,0.4820399999989604
325,"counter=452, time=05:41:33.820565",452,05:41:33.820565,05:41:34.306788,0.4862229999998817
326,"counter=453, time=05:41:34.821939",453,05:41:34.821939,05:41:35.304608,0.48266899999725865
327,"counter=456, time=05:41:37.825962",456,05:41:37.825962,05:41:38.308492,0.4825300000011339
328,"counter=457, time=05:41:38.827455",457,05:41:38.827455,05:41:39.309744,0.4822889999995823
329,"counter=458, time=05:41:39.828879",458,05:41:39.828879,05:41:40.310213,0.48133400000006077
330,"counter=459, time=05:41:40.830292",459,05:41:40.830292,05:41:41.312569,0.48227700000279583
331,"counter=462, time=05:41:43.834435",462,05:41:43.834435,05:41:44.316345,0.4819099999986065
332,"counter=463, time=05:41:44.835817",463,05:41:44.835817,05:41:45.316867,0.48105000000214204
333,"counter=464, time=05:41:45.837190",464,05:41:45.837190,05:41:46.318610,0.481420000000071
334,"counter=465, time=05:41:46.838562",465,05:41:46.838562,05:41:47.320048,0.4814860000005865
335,"counter=466, time=05:41:47.839976",466,05:41:47.839976,05:41:48.321274,0.4812980000024254
336,"counter=468, time=05:41:49.842749",468,05:41:49.842749,05:41:50.330860,0.48811099999875296
337,"counter=469, time=05:41:50.844126",469,05:41:50.844126,05:41:51.325696,0.4815699999999197
338,"counter=471, time=05:41:52.847029",471,05:41:52.847029,05:41:53.328939,0.4819099999986065
339,"counter=472, time=05:41:53.848414",472,05:41:53.848414,05:41:54.328973,0.48055899999963003
340,"counter=473, time=05:41:54.849866",473,05:41:54.849866,05:41:55.330055,0.4801889999980631
341,"counter=474, time=05:41:55.851248",474,05:41:55.851248,05:41:56.332226,0.48097799999959534
342,"counter=475, time=05:41:56.852633",475,05:41:56.852633,05:41:57.333329,0.4806960000023537
343,"counter=476, time=05:41:57.853973",476,05:41:57.853973,05:41:58.334673,0.48070000000006985
344,"counter=477, time=05:41:58.855356",477,05:41:58.855356,05:41:59.335911,0.4805549999982759
345,"counter=478, time=05:41:59.856742",478,05:41:59.856742,05:42:00.336819,0.48007700000016484
346,"counter=479, time=05:42:00.858117",479,05:42:00.858117,05:42:01.337975,0.4798579999987851
347,"counter=480, time=05:42:01.859495",480,05:42:01.859495,05:42:02.340260,0.4807650000002468
348,"counter=481, time=05:42:02.860857",481,05:42:02.860857,05:42:03.341870,0.48101300000053016
349,"counter=482, time=05:42:03.862364",482,05:42:03.862364,05:42:04.342560,0.48019600000043283
350,"counter=483, time=05:42:04.863704",483,05:42:04.863704,05:42:05.343320,0.47961600000053295
351,"counter=484, time=05:42:05.865079",484,05:42:05.865079,05:42:06.345020,0.4799410000014177
352,"counter=485, time=05:42:06.866455",485,05:42:06.866455,05:42:07.346564,0.48010900000008405
353,"counter=486, time=05:42:07.867783",486,05:42:07.867783,05:42:08.347873,0.48008999999728985
354,"counter=487, time=05:42:08.869167",487,05:42:08.869167,05:42:09.348096,0.47892900000078953
355,"counter=488, time=05:42:09.870546",488,05:42:09.870546,05:42:10.348647,0.4781010000006063
356,"counter=489, time=05:42:10.871926",489,05:42:10.871926,05:42:11.352212,0.4802860000017972
357,"counter=490, time=05:42:11.873304",490,05:42:11.873304,05:42:12.352641,0.4793370000006689
358,"counter=493, time=05:42:14.877428",493,05:42:14.877428,05:42:15.356919,0.4794910000018717
359,"counter=494, time=05:42:15.878802",494,05:42:15.878802,05:42:16.357649,0.4788470000021334
360,"counter=520, time=05:42:41.914678",520,05:42:41.914678,05:42:42.391677,0.4769989999986137
361,"counter=521, time=05:42:42.916025",521,05:42:42.916025,05:42:43.392524,0.47649900000033085
362,"counter=527, time=05:42:48.924501",527,05:42:48.924501,05:42:49.400412,0.4759109999977227
363,"counter=532, time=05:42:53.931530",532,05:42:53.931530,05:42:54.407164,0.47563399999853573
364,"counter=533, time=05:42:54.932905",533,05:42:54.932905,05:42:55.408685,0.47577999999703025
365,"counter=535, time=05:42:56.935657",535,05:42:56.935657,05:42:57.411271,0.47561399999904097
366,"counter=536, time=05:42:57.936992",536,05:42:57.936992,05:42:58.412244,0.4752520000001823
367,"counter=537, time=05:42:58.938373",537,05:42:58.938373,05:42:59.413412,0.47503900000083377
368,"counter=539, time=05:43:00.941070",539,05:43:00.941070,05:43:01.416326,0.47525599999789847
369,"counter=540, time=05:43:01.942451",540,05:43:01.942451,05:43:02.422222,0.4797710000020743
370,"counter=769, time?05:46:51.245967",769,05:46:51.245967,05:46:51.703893,0.4579260000027716
371,"counter=770, time=05:46:52.247361",770,05:46:52.247361,05:46:52.705241,0.4578799999981129
372,"counter=774, time=05:46:56.252675",774,05:46:56.252675,05:46:56.709842,0.4571670000004815
373,"counter=775, time=05:46:57.253989",775,05:46:57.253989,05:46:57.711368,0.4573789999994915
374,"counter=776, time=05:46:58.255302",776,05:46:58.255302,05:46:58.712745,0.4574429999993299
375,"counter=779, time=05:47:01.259242",779,05:47:01.259242,05:47:01.715912,0.45666999999957625
376,"counter=781, time=05:47:03.261893",781,05:47:03.261893,05:47:03.719250,0.45735699999931967
377,"counter=782, time=05:47:04.263302",782,05:47:04.263302,05:47:04.720057,0.45675499999924796
378,"counter=783, time=05:47:05.264632",783,05:47:05.264632,05:47:05.720878,0.45624600000155624
379,"counter=784, time=05:47:06.265948",784,05:47:06.265948,05:47:06.722827,0.4568790000012086
380,"counter=785, time=05:47:07.267261",785,05:47:07.267261,05:47:07.723913,0.45665200000075856
381,"counter=788, time=05:47:10.271307",788,05:47:10.271307,05:47:10.727571,0.4562640000003739
382,"counter=791, time=05:47:13.275253",791,05:47:13.275253,05:47:13.736355,0.46110200000111945
383,"counter=792, time=05:47:14.276569",792,05:47:14.276569,05:47:14.732607,0.4560380000002624
384,"counter=793, time=05:47:15.277885",793,05:47:15.277885,05:47:15.733831,0.4559460000018589
385,"counter=794, time=05:47:16.279203",794,05:47:16.279203,05:47:16.734907,0.4557039999999688
386,"counter=795, time=05:47:17.280512",795,05:47:17.280512,05:47:17.735741,0.4552289999992354
387,"counter=796, time=05:47:18.281833",796,05:47:18.281833,05:47:18.737692,0.45585899999787216
388,"counter=797, time=05:47:19.283156",797,05:47:19.283156,05:47:19.738626,0.455469999997149
389,"counter=798, time=05:47:20.284475",798,05:47:20.284475,05:47:20.740468,0.4559929999995802
390,"counter=799, time=05:47:21.285787",799,05:47:21.285787,05:47:21.741508,0.45572099999844795
391,"counter=800, time=05:47:22.287103",800,05:47:22.287103,05:47:22.742571,0.4554680000001099
392,"counter=801, time=05:47:23.288428",801,05:47:23.288428,05:47:23.744611,0.4561829999984184
393,"counter=802, time=05:47:24.289953",802,05:47:24.289953,05:47:24.745800,0.4558470000010857
394,"counter=803, time=05:47:25.291283",803,05:47:25.291283,05:47:25.746253,0.4549700000025041
395,"counter=804, time=05:47:26.292597",804,05:47:26.292597,05:47:26.747630,0.455033000002004
396,"counter=805, time=05:47:27.293913",805,05:47:27.293913,05:47:27.749952,0.45603899999696296
397,"counter=806, time=05:47:28.295229",806,05:47:28.295229,05:47:28.750223,0.454993999999715
398,"counter=807, time=05:47:29.296554",807,05:47:29.296554,05:47:29.751817,0.45526299999983166
399,"counter=808, time=05:47:30.297869",808,05:47:30.297869,05:47:30.753018,0.4551489999976184
400,"counter=809, time=05:47:31.299184",809,05:47:31.299184,05:47:31.754463,0.45527900000161026
401,"counter=810, time=05:47:32.300527",810,05:47:32.300527,05:47:32.755802,0.4552750000002561
402,"counter=811, time=05:47:33.301842",811,05:47:33.301842,05:47:33.756186,0.4543439999979455
403,"counter=812, time=05:47:34.303157",812,05:47:34.303157,05:47:34.758721,0.4555639999998675
404,"counter=813, time=05:47:35.304470",813,05:47:35.304470,05:47:35.759379,0.4549090000000433
405,"counter=814, time=05:47:36.305786",814,05:47:36.305786,05:47:36.760852,0.45506599999862374
406,"counter=815, time=05:47:37.307098",815,05:47:37.307098,05:47:37.762163,0.4550649999982852
407,"counter=817, time=05:47:39.309811",817,05:47:39.309811,05:47:39.764167,0.45435600000200793
408,"counter=818, time=05:47:40.311249",818,05:47:40.311249,05:47:40.765644,0.4543950000006589
409,"counter=819, time=05:47:41.312672",819,05:47:41.312672,05:47:41.767961,0.45528900000135764
410,"counter=820, time=05:47:42.314086",820,05:47:42.314086,05:47:42.768290,0.4542040000014822
411,"counter=821, time=05:47:43.315514",821,05:47:43.315514,05:47:43.769646,0.4541319999989355
412,"counter=822, time=05:47:44.317054",822,05:47:44.317054,05:47:44.770893,0.45383900000160793
413,"counter=823, time=05:47:45.318517",823,05:47:45.318517,05:47:45.772891,0.4543740000008256
414,"counter=824, time=05:47:46.320021",824,05:47:46.320021,05:47:46.774007,0.453986000000441
415,"counter=826, time=05:47:48.322875",826,05:47:48.322875,05:47:48.776346,0.45347099999708007
416,"counter=828, time=05:47:50.325731",828,05:47:50.325731,05:47:50.779422,0.45369099999879836
417,"counter=829, time=05:47:51.327146",829,05:47:51.327146,05:47:51.781016,0.4538700000011886
418,"counter=831, time=05:47:53.330063",831,05:47:53.330063,05:47:53.783782,0.4537189999973634
419,"counter=832, time=05:47:54.331490",832,05:47:54.331490,05:47:54.784987,0.45349699999860604
420,"counter=833, time=05:47:55.332915",833,05:47:55.332915,05:47:55.786056,0.4531410000017786
421,"counter=834, time=05:47:56.334375",834,05:47:56.334375,05:47:56.788356,0.4539810000023863
422,"counter=835, time=05:47:57.335802",835,05:47:57.335802,05:47:57.789436,0.4536339999976917
423,"counter=836, time=05:47:58.337251",836,05:47:58.337251,05:47:58.790666,0.45341499999994994
424,"counter=837, time=05:47:59.338746",837,05:47:59.338746,05:47:59.791901,0.45315499999924214
425,"counter=838, time=05:48:00.340175",838,05:48:00.340175,05:48:00.792951,0.45277599999826634
426,"counter=839, time=05:48:01.341598",839,05:48:01.341598,05:48:01.794785,0.45318699999916134
427,"counter=840, time=05:48:02.343024",840,05:48:02.343024,05:48:02.795768,0.45274399999834714
428,"counter=841, time=05:48:03.344514",841,05:48:03.344514,05:48:03.797683,0.45316900000034366
429,"counter=842, time=05:48:04.346107",842,05:48:04.346107,05:48:04.798740,0.45263299999714945
430,"counter=843, time=05:48:05.347550",843,05:48:05.347550,05:48:05.801098,0.45354800000131945
431,"counter=844, time=05:48:06.348980",844,05:48:06.348980,05:48:06.800426,0.45144600000276114
432,"counter=845, time=05:48:07.350404",845,05:48:07.350404,05:48:07.802566,0.4521619999977702
433,"counter=846, time=05:48:08.351828",846,05:48:08.351828,05:48:08.802830,0.4510020000016084
434,"counter=847, time=05:48:09.353263",847,05:48:09.353263,05:48:09.805942,0.4526789999981702
435,"counter=848, time=05:48:10.354689",848,05:48:10.354689,05:48:10.806268,0.45157900000049267
436,"counter=849, time=05:48:11.356112",849,05:48:11.356112,05:48:11.808512,0.45239999999830616
437,"counter=851, time=05:48:13.358953",851,05:48:13.358953,05:48:13.811116,0.4521630000017467
438,"counter=852, time=05:48:14.360377",852,05:48:14.360377,05:48:14.813639,0.4532619999990857
439,"counter=853, time=05:48:15.361839",853,05:48:15.361839,05:48:15.814231,0.45239199999923585
440,"counter=855, time=05:48:17.364726",855,05:48:17.364726,05:48:17.817543,0.4528170000012324
441,"counter=856, time=05:48:18.366160",856,05:48:18.366160,05:48:18.817953,0.45179300000017975
442,"counter=857, time=05:48:19.367595",857,05:48:19.367595,05:48:19.820487,0.4528920000011567
443,"counter=858, time=05:48:20.369027",858,05:48:20.369027,05:48:20.820870,0.45184299999891664
444,"counter=859, time=05:48:21.370449",859,05:48:21.370449,05:48:21.822217,0.4517680000026303
445,"counter=860, time=05:48:22.371874",860,05:48:22.371874,05:48:22.823762,0.45188799999959883
446,"counter=861, time=05:48:23.373306",861,05:48:23.373306,05:48:23.824772,0.4514659999986179
447,"counter=862, time=05:48:24.374854",862,05:48:24.374854,05:48:24.826933,0.45207899999877554
448,"counter=863, time=05:48:25.376293",863,05:48:25.376293,05:48:25.827071,0.45077799999853596
449,"counter=864, time=05:48:26.377715",864,05:48:26.377715,05:48:26.829220,0.4515050000009069
450,"counter=865, time=05:48:27.379140",865,05:48:27.379140,05:48:27.830524,0.4513839999999618
451,"counter=866, time=05:48:28.380568",866,05:48:28.380568,05:48:28.830749,0.45018100000015693
452,"counter=867, time=05:48:29.382021",867,05:48:29.382021,05:48:29.832852,0.45083099999828846
453,"counter=868, time=05:48:30.383455",868,05:48:30.383455,05:48:30.834104,0.4506490000021586
454,"counter=869, time=05:48:31.384877",869,05:48:31.384877,05:48:31.835996,0.4511190000011993
455,"counter=870, time=05:48:32.386303",870,05:48:32.386303,05:48:32.837972,0.45166900000185706
456,"counter=871, time=05:48:33.387721",871,05:48:33.387721,05:48:33.838912,0.45119100000010803
457,"counter=873, time=05:48:35.390575",873,05:48:35.390575,05:48:35.842359,0.4517839999971329
458,"counter=874, time=05:48:36.391998",874,05:48:36.391998,05:48:36.841483,0.44948500000100466
459,"counter=875, time=05:48:37.393417",875,05:48:37.393417,05:48:37.844489,0.45107199999984005
460,"counter=876, time=05:48:38.394843",876,05:48:38.394843,05:48:38.845631,0.4507880000019213
461,"counter=877, time=05:48:39.396328",877,05:48:39.396328,05:48:39.847480,0.45115200000145705
462,"counter=878, time=05:48:40.397766",878,05:48:40.397766,05:48:40.848537,0.45077100000344217
463,"counter=879, time=05:48:41.399200",879,05:48:41.399200,05:48:41.849359,0.4501589999999851
464,"counter=880, time=05:48:42.400620",880,05:48:42.400620,05:48:42.851209,0.4505890000000363
465,"counter=881, time=05:48:43.402049",881,05:48:43.402049,05:48:43.851840,0.4497909999990952
466,"counter=882, time=05:48:44.403633",882,05:48:44.403633,05:48:44.853438,0.44980499999655876
467,"counter=883, time=05:48:45.405077",883,05:48:45.405077,05:48:45.855294,0.4502170000014303
468,"counter=884, time=05:48:46.406506",884,05:48:46.406506,05:48:46.855945,0.44943899999998393
469,"counter=885, time=05:48:47.407928",885,05:48:47.407928,05:48:47.856572,0.44864400000005844
470,"counter=886, time=05:48:48.409369",886,05:48:48.409369,05:48:48.858264,0.4488949999977194
471,"counter=887, time=05:48:49.410818",887,05:48:49.410818,05:48:49.858963,0.4481449999984761
472,"counter=888, time=05:48:50.412281",888,05:48:50.412281,05:48:50.861893,0.44961200000034296
473,"counter=889, time=05:48:51.413739",889,05:48:51.413739,05:48:51.863828,0.45008900000175345
474,"counter=890, time=05:48:52.415176",890,05:48:52.415176,05:48:52.865022,0.44984600000316277
475,"counter=891, time=05:48:53.416603",891,05:48:53.416603,05:48:53.866118,0.4495150000002468
476,"counter=893, time=05:48:55.419447",893,05:48:55.419447,05:48:55.867921,0.448474000000715
477,"counter=894, time=05:48:56.420871",894,05:48:56.420871,05:48:56.869351,0.44848000000274624
478,"counter=895, time=05:48:57.422294",895,05:48:57.422294,05:48:57.871698,0.4494039999990491
479,"counter=896, time=05:48:58.423719",896,05:48:58.423719,05:48:58.872751,0.4490320000004431
480,"counter=897, time=05:48:59.425151",897,05:48:59.425151,05:48:59.874777,0.4496260000014445
481,"counter=898, time=05:49:00.426576",898,05:49:00.426576,05:49:00.875584,0.4490079999995942
482,"counter=899, time=05:49:01.428001",899,05:49:01.428001,05:49:01.877556,0.4495549999992363
483,"counter=900, time=05:49:02.429500",900,05:49:02.429500,05:49:02.882414,0.45291400000132853
484,"counter=901, time=05:49:03.430952",901,05:49:03.430952,05:49:03.880577,0.44962500000110595
485,"counter=902, time=05:49:04.432499",902,05:49:04.432499,05:49:04.880907,0.44840800000019954
486,"counter=903, time=05:49:05.433939",903,05:49:05.433939,05:49:05.883094,0.4491550000020652
487,"counter=904, time=05:49:06.435371",904,05:49:06.435371,05:49:06.884235,0.44886400000177673
488,"counter=905, time=05:49:07.436803",905,05:49:07.436803,05:49:07.885472,0.4486690000012459
489,"counter=906, time=05:49:08.438268",906,05:49:08.438268,05:49:08.887512,0.4492439999994531
490,"counter=907, time=05:49:09.439715",907,05:49:09.439715,05:49:09.888417,0.44870199999786564
491,"counter=908, time=05:49:10.441152",908,05:49:10.441152,05:49:10.889469,0.4483170000021346
492,"counter=909, time=05:49:11.442583",909,05:49:11.442583,05:49:11.890599,0.44801599999846076
493,"counter=910, time=05:49:12.444013",910,05:49:12.444013,05:49:12.892898,0.44888499999797205
494,"counter=911, time=05:49:13.445440",911,05:49:13.445440,05:49:13.894124,0.44868399999904796
495,"counter=912, time=05:49:14.446865",912,05:49:14.446865,05:49:14.895348,0.4484829999964859
496,"counter=913, time=05:49:15.448286",913,05:49:15.448286,05:49:15.896822,0.44853599999987637
497,"counter=914, time=05:49:16.449710",914,05:49:16.449710,05:49:16.897978,0.44826800000009825
498,"counter=915, time=05:49:17.451129",915,05:49:17.451129,05:49:17.899132,0.44800299999769777
499,"counter=916, time=05:49:18.452570",916,05:49:18.452570,05:49:18.901142,0.44857199999751174
500,"counter=917, time=05:49:19.454007",917,05:49:19.454007,05:49:19.902275,0.44826800000009825
501,"counter=918, time=05:49:20.455439",918,05:49:20.455439,05:49:20.903309,0.44786999999996624
502,"counter=919, time=05:49:21.456913",919,05:49:21.456913,05:49:21.905427,0.44851399999970454
503,"counter=920, time=05:49:22.458343",920,05:49:22.458343,05:49:22.906472,0.4481290000003355
504,"counter=921, time=05:49:23.459863",921,05:49:23.459863,05:49:23.907644,0.4477809999989404
505,"counter=922, time=05:49:24.461449",922,05:49:24.461449,05:49:24.908680,0.4472310000019206
506,"counter=923, time=05:49:25.462900",923,05:49:25.462900,05:49:25.910787,0.44788700000208337
507,"counter=924, time=05:49:26.464332",924,05:49:26.464332,05:49:26.912889,0.44855699999970966
508,"counter=925, time=05:49:27.465754",925,05:49:27.465754,05:49:27.913023,0.44726900000023306
509,"counter=927, time=05:49:29.468615",927,05:49:29.468615,05:49:29.915892,0.44727699999930337
510,"counter=928, time=05:49:30.470117",928,05:49:30.470117,05:49:30.917899,0.4477819999992789
511,"counter=929, time=05:49:31.471547",929,05:49:31.471547,05:49:31.918982,0.44743499999822234
512,"counter=930, time=05:49:32.472971",930,05:49:32.472971,05:49:32.920043,0.44707199999902514
513,"counter=931, time=05:49:33.474395",931,05:49:33.474395,05:49:33.922089,0.4476939999985916
514,"counter=932, time=05:49:34.475835",932,05:49:34.475835,05:49:34.923348,0.4475129999991623
515,"counter=933, time=05:49:35.477263",933,05:49:35.477263,05:49:35.924508,0.44724499999938416
516,"counter=934, time=05:49:36.478752",934,05:49:36.478752,05:49:36.926580,0.44782800000029965
517,"counter=935, time=05:49:37.480178",935,05:49:37.480178,05:49:37.927696,0.447517999997217
518,"counter=936, time=05:49:38.481606",936,05:49:38.481606,05:49:38.928988,0.44738199999846984
519,"counter=937, time=05:49:39.483041",937,05:49:39.483041,05:49:39.929199,0.44615799999883166
520,"counter=938, time=05:49:40.484470",938,05:49:40.484470,05:49:40.930166,0.4456959999988612
521,"counter=939, time=05:49:41.485895",939,05:49:41.485895,05:49:41.931217,0.4453219999995781
522,"counter=940, time=05:49:42.487315",940,05:49:42.487315,05:49:42.934164,0.4468489999999292
523,"counter=941, time=05:49:43.488752",941,05:49:43.488752,05:49:43.935111,0.44635899999775575
524,"counter=942, time=05:49:44.490305",942,05:49:44.490305,05:49:44.937248,0.44694299999900977
525,"counter=943, time=05:49:45.491791",943,05:49:45.491791,05:49:45.938712,0.44692099999883794
526,"counter=944, time=05:49:46.493228",944,05:49:46.493228,05:49:46.940041,0.44681300000229385
527,"counter=945, time=05:49:47.494653",945,05:49:47.494653,05:49:47.940168,0.4455149999994319
528,"counter=946, time=05:49:48.496088",946,05:49:48.496088,05:49:48.941210,0.44512200000099256
529,"counter=947, time=05:49:49.497520",947,05:49:49.497520,05:49:49.943583,0.44606299999941257
530,"counter=948, time=05:49:50.498951",948,05:49:50.498951,05:49:50.944776,0.4458249999988766
531,"counter=949, time=05:49:51.500380",949,05:49:51.500380,05:49:51.946975,0.44659499999761465
532,"counter=950, time=05:49:52.501811",950,05:49:52.501811,05:49:52.948069,0.4462579999999434
533,"counter=951, time=05:49:53.503267",951,05:49:53.503267,05:49:53.949138,0.4458709999998973
534,"counter=952, time=05:49:54.504697",952,05:49:54.504697,05:49:54.950048,0.4453509999984817
535,"counter=953, time=05:49:55.506123",953,05:49:55.506123,05:49:55.951972,0.4458489999997255
536,"counter=954, time=05:49:56.507552",954,05:49:56.507552,05:49:56.952964,0.4454120000009425
537,"counter=955, time=05:49:57.508975",955,05:49:57.508975,05:49:57.953890,0.44491500000003725
538,"counter=956, time=05:49:58.510407",956,05:49:58.510407,05:49:58.956401,0.4459939999978815
539,"counter=957, time=05:49:59.511841",957,05:49:59.511841,05:49:59.958021,0.4461799999990035
540,"counter=958, time=05:50:00.513273",958,05:50:00.513273,05:50:00.958498,0.44522499999948195
541,"counter=959, time=05:50:01.514702",959,05:50:01.514702,05:50:01.960458,0.4457560000009835
542,"counter=960, time=05:50:02.516121",960,05:50:02.516121,05:50:02.961177,0.44505600000047707
543,"counter=961, time=05:50:03.517719",961,05:50:03.517719,05:50:03.962861,0.4451420000004873
544,"counter=962, time=05:50:04.519185",962,05:50:04.519185,05:50:04.964684,0.4454989999976533
545,"counter=963, time=05:50:05.520620",963,05:50:05.520620,05:50:05.965718,0.44509800000014366
546,"counter=964, time=05:50:06.522049",964,05:50:06.522049,05:50:06.967529,0.44548000000213506
547,"counter=965, time=05:50:07.523480",965,05:50:07.523480,05:50:07.968378,0.4448980000015581
548,"counter=966, time=05:50:08.524949",966,05:50:08.524949,05:50:08.970432,0.4454829999995127
549,"counter=967, time=05:50:09.526397",967,05:50:09.526397,05:50:09.971540,0.44514299999718787
550,"counter=968, time=05:50:10.527833",968,05:50:10.527833,05:50:10.972741,0.4449080000013055
551,"counter=969, time=05:50:11.529268",969,05:50:11.529268,05:50:11.974530,0.44526200000109384
552,"counter=970, time=05:50:12.530747",970,05:50:12.530747,05:50:12.975254,0.44450700000015786
553,"counter=971, time=05:50:13.532178",971,05:50:13.532178,05:50:13.976444,0.4442659999986063
554,"counter=972, time=05:50:14.533610",972,05:50:14.533610,05:50:14.978113,0.4445030000024417
555,"counter=973, time=05:50:15.535046",973,05:50:15.535046,05:50:15.979967,0.4449209999984305
556,"counter=974, time=05:50:16.536479",974,05:50:16.536479,05:50:16.980968,0.4444890000013402
557,"counter=975, time=05:50:17.537905",975,05:50:17.537905,05:50:17.982760,0.444854999997915
558,"counter=976, time=05:50:18.539344",976,05:50:18.539344,05:50:18.983706,0.4443619999983639
559,"counter=977, time=05:50:19.540786",977,05:50:19.540786,05:50:19.985267,0.4444809999986319
560,"counter=978, time=05:50:20.542219",978,05:50:20.542219,05:50:20.987107,0.4448880000018107
561,"counter=979, time=05:50:21.543646",979,05:50:21.543646,05:50:21.988117,0.4444710000025225
562,"counter=980, time=05:50:22.545087",980,05:50:22.545087,05:50:22.989382,0.44429500000114786
563,"counter=981, time=05:50:23.546640",981,05:50:23.546640,05:50:23.991523,0.44488300000011805
564,"counter=982, time=05:50:24.548096",982,05:50:24.548096,05:50:24.992550,0.44445400000040536
565,"counter=983, time=05:50:25.549564",983,05:50:25.549564,05:50:25.993513,0.4439490000004298
566,"counter=984, time=05:50:26.551001",984,05:50:26.551001,05:50:26.994040,0.44303900000159047
567,"counter=985, time=05:50:27.552466",985,05:50:27.552466,05:50:27.995766,0.44329999999899883
568,"counter=986, time=05:50:28.553912",986,05:50:28.553912,05:50:28.997533,0.4436210000021674
569,"counter=987, time=05:50:29.555351",987,05:50:29.555351,05:50:29.999339,0.44398800000271876
570,"counter=988, time=05:50:30.556786",988,05:50:30.556786,05:50:31.000073,0.44328699999823584
571,"counter=989, time=05:50:31.558221",989,05:50:31.558221,05:50:32.001737,0.443515999999363
572,"counter=990, time=05:50:32.559660",990,05:50:32.559660,05:50:33.003244,0.44358400000055553
573,"counter=991, time=05:50:33.561099",991,05:50:33.561099,05:50:34.004866,0.44376700000066194
574,"counter=992, time=05:50:34.562535",992,05:50:34.562535,05:50:35.006677,0.4441420000002836
575,"counter=993, time=05:50:35.563971",993,05:50:35.563971,05:50:36.007618,0.4436470000000554
576,"counter=994, time=05:50:36.565409",994,05:50:36.565409,05:50:37.008574,0.4431650000005902
577,"counter=995, time=05:50:37.566840",995,05:50:37.566840,05:50:38.010263,0.44342300000062096
578,"counter=996, time=05:50:38.568276",996,05:50:38.568276,05:50:39.012178,0.44390199999907054
579,"counter=997, time=05:50:39.569716",997,05:50:39.569716,05:50:40.013355,0.4436389999973471
580,"counter=998, time=05:50:40.571156",998,05:50:40.571156,05:50:41.014423,0.4432669999987411
581,"counter=999, time=05:50:41.572606",999,05:50:41.572606,05:50:42.015440,0.44283399999767425
582,"counter=1000, time=05:50:42.574026",1000,05:50:42.574026,05:50:43.017420,0.44339400000171736
